Workbook

Sheet Inspections
A1: Date | B1: Technician | C1: Notes
A2: 46093 | B2: JONATHAN HUDDLESTON
A3: 46099 | B3: JAKOB CARTWRIGHT
A4: 46090 | B4: NICHOLAS WRIGHT
A5: 46099 | B5: HARRISON BERKLEY
A6: 46099 | B6: BRUCE HOGAN
A7: 46097 | B7: JADE SAWICKI
A8: 46097 | B8: TREAGAN MCCOY
B9: FELIX LOBATO
A10: 46098 | B10: Cody Kuhl | D10: test
A11: 46097 | B11: JACK LONG
B12: MICHAEL STEGEMAN
A13: 46087 | B13: MICHAEL KNIGHT
A14: 46097 | B14: DAUNTE DEMARCE
B15: Blake (New Hire)
B16: Josh 1 (New Hire)
B17: Josh 2 ( New Hire)
B18: Travis (New)

Sheet Tech Roster
A1: Technician | B1: Inspected? | C1: Last Inspection Date | E1: How this works
A2: JONATHAN HUDDLESTON | B2: =IF(COUNTIFS(Inspections!$B:$B,A2,Inspections!$A:$A,">0")>0,"Yes","No") -> Yes | C2: 46093 | E2: Enter inspection dates in the 'Inspections' sheet. When at least one date is entered for a tech, their row will turn green here and 'Inspected?' will show Yes. 'Last Inspection Date' shows the most recent date.
A3: JAKOB CARTWRIGHT | B3: =IF(COUNTIFS(Inspections!$B:$B,A3,Inspections!$A:$A,">0")>0,"Yes","No") -> Yes | C3: =IFERROR(_xlfn.SINGLE(_xlfn.AGGREGATE(14, 6, _xlfn.SINGLE(Inspections!$A:$A) / (_xlfn.SINGLE(Inspections!$B:$B) = A3), 1)), "") -> 46099
A4: NICHOLAS WRIGHT | B4: =IF(COUNTIFS(Inspections!$B:$B,A4,Inspections!$A:$A,">0")>0,"Yes","No") -> Yes | C4: 46090
A5: HARRISON BERKLEY | B5: =IF(COUNTIFS(Inspections!$B:$B,A5,Inspections!$A:$A,">0")>0,"Yes","No") -> Yes
A6: BRUCE HOGAN | B6: =IF(COUNTIFS(Inspections!$B:$B,A6,Inspections!$A:$A,">0")>0,"Yes","No") -> Yes | C6: =IFERROR(_xlfn.SINGLE(_xlfn.AGGREGATE(14, 6, _xlfn.SINGLE(Inspections!$A:$A) / (_xlfn.SINGLE(Inspections!$B:$B) = A6), 1)), "") -> 46099
A7: JADE SAWICKI | B7: =IF(COUNTIFS(Inspections!$B:$B,A7,Inspections!$A:$A,">0")>0,"Yes","No") -> Yes | C7: 46097
A8: TREAGAN MCCOY | B8: =IF(COUNTIFS(Inspections!$B:$B,A8,Inspections!$A:$A,">0")>0,"Yes","No") -> Yes | C8: =IFERROR(_xlfn.SINGLE(_xlfn.AGGREGATE(14, 6, _xlfn.SINGLE(Inspections!$A:$A) / (_xlfn.SINGLE(Inspections!$B:$B) = A8), 1)), "") -> 46097
A9: FELIX LOBATO | B9: =IF(COUNTIFS(Inspections!$B:$B,A9,Inspections!$A:$A,">0")>0,"Yes","No") -> No | C9: =IFERROR(_xlfn.SINGLE(_xlfn.AGGREGATE(14, 6, _xlfn.SINGLE(Inspections!$A:$A) / (_xlfn.SINGLE(Inspections!$B:$B) = A9), 1)), "") -> 0
A10: JACK LONG | B10: =IF(COUNTIFS(Inspections!$B:$B,A10,Inspections!$A:$A,">0")>0,"Yes","No") -> Yes | C10: 46097
A11: Cody Kuhl | B11: Yes | C11: 46099
A12: MICHAEL STEGEMAN | B12: =IF(COUNTIFS(Inspections!$B:$B,A12,Inspections!$A:$A,">0")>0,"Yes","No") -> No | C12: =IFERROR(_xlfn.SINGLE(_xlfn.AGGREGATE(14, 6, _xlfn.SINGLE(Inspections!$A:$A) / (_xlfn.SINGLE(Inspections!$B:$B) = A12), 1)), "") -> 0
A13: MICHAEL KNIGHT | B13: =IF(COUNTIFS(Inspections!$B:$B,A13,Inspections!$A:$A,">0")>0,"Yes","No") -> Yes | C13: 46087
A14: DAUNTE DEMARCE | B14: =IF(COUNTIFS(Inspections!$B:$B,A14,Inspections!$A:$A,">0")>0,"Yes","No") -> Yes | C14: 46097
A15: Blake (New Hire) | B15: No
A16: Josh 1 (New Hire) | B16: No
A17: Josh 2 ( New Hire) | B17: No
A18: Travis (New) | B18: No
C19: 5

Sheet Summary
A1: Technician | B1: # of Inspections
A2: JONATHAN HUDDLESTON | B2: =COUNTIFS(Inspections!$B:$B,A2,Inspections!$A:$A,">0") -> 1
A3: JAKOB CARTWRIGHT | B3: =COUNTIFS(Inspections!$B:$B,A3,Inspections!$A:$A,">0") -> 1
A4: NICHOLAS WRIGHT | B4: =COUNTIFS(Inspections!$B:$B,A4,Inspections!$A:$A,">0") -> 1
A5: HARRISON BERKLEY | B5: =COUNTIFS(Inspections!$B:$B,A5,Inspections!$A:$A,">0") -> 1
A6: BRUCE HOGAN | B6: =COUNTIFS(Inspections!$B:$B,A6,Inspections!$A:$A,">0") -> 1
A7: JADE SAWICKI | B7: =COUNTIFS(Inspections!$B:$B,A7,Inspections!$A:$A,">0") -> 1
A8: TREAGAN MCCOY | B8: =COUNTIFS(Inspections!$B:$B,A8,Inspections!$A:$A,">0") -> 1
A9: FELIX LOBATO | B9: =COUNTIFS(Inspections!$B:$B,A9,Inspections!$A:$A,">0") -> 0
A10: Cody Kuhl | B10: 6
A11: JACK LONG | B11: =COUNTIFS(Inspections!$B:$B,A11,Inspections!$A:$A,">0") -> 1
A12: MICHAEL STEGEMAN | B12: =COUNTIFS(Inspections!$B:$B,A12,Inspections!$A:$A,">0") -> 0
A13: MICHAEL KNIGHT | B13: =COUNTIFS(Inspections!$B:$B,A13,Inspections!$A:$A,">0") -> 1
A14: DAUNTE DEMARCE | B14: =COUNTIFS(Inspections!$B:$B,A14,Inspections!$A:$A,">0") -> 1
A15: Blake (New Hire) | B15: 0
A16: Josh 1 (New Hire) | B16: 0
A17: Josh 2 ( New Hire) | B17: 0
A18: Travis (New) | B18: 0
